Datetime,Water Level (m)
2025-10-25 06:00:00,1.6120294
2025-10-25 07:00:00,1.9692343
2025-10-25 08:00:00,1.6870341
2025-10-25 09:00:00,0.9137627
2025-10-25 10:00:00,0.23541726
2025-10-25 11:00:00,-0.3015172
2025-10-25 12:00:00,-0.7105149
2025-10-25 13:00:00,-1.0284268
2025-10-25 14:00:00,-1.2618457
2025-10-25 15:00:00,-1.2942845
2025-10-25 16:00:00,-0.020193929
2025-10-25 17:00:00,1.0257766
2025-10-25 18:00:00,1.6867609
2025-10-25 19:00:00,2.028633
2025-10-25 20:00:00,1.885642
2025-10-25 21:00:00,1.3147587
2025-10-25 22:00:00,0.6014114
2025-10-25 23:00:00,-0.007883502
2025-10-26 00:00:00,-0.48439878
2025-10-26 01:00:00,-0.8040804
2025-10-26 02:00:00,-1.0578631
2025-10-26 03:00:00,-1.1820363
2025-10-26 04:00:00,-0.51905847
2025-10-26 05:00:00,0.5963612
2025-10-26 06:00:00,1.1554759
2025-10-26 07:00:00,1.5077363
2025-10-26 08:00:00,1.5046982
2025-10-26 09:00:00,1.0731343
2025-10-26 10:00:00,0.46589303
2025-10-26 11:00:00,-0.09041279
2025-10-26 12:00:00,-0.5140869
2025-10-26 13:00:00,-0.8240584
2025-10-26 14:00:00,-1.0796623
2025-10-26 15:00:00,-1.1827208
2025-10-26 16:00:00,-0.6061039
2025-10-26 17:00:00,0.55552304
2025-10-26 18:00:00,1.224258
2025-10-26 19:00:00,1.6890736
2025-10-26 20:00:00,1.826394
2025-10-26 21:00:00,1.5246543
2025-10-26 22:00:00,0.94008005
2025-10-26 23:00:00,0.3264202
2025-10-27 00:00:00,-0.21390504
2025-10-27 01:00:00,-0.5857033
2025-10-27 02:00:00,-0.8659151
2025-10-27 03:00:00,-1.0568787
2025-10-27 04:00:00,-0.92470264
2025-10-27 05:00:00,0.12263969
2025-10-27 06:00:00,0.8045985
2025-10-27 07:00:00,1.1816293
2025-10-27 08:00:00,1.3211796
2025-10-27 09:00:00,1.1407121
2025-10-27 10:00:00,0.6848284
2025-10-27 11:00:00,0.13963161
2025-10-27 12:00:00,-0.28567168
2025-10-27 13:00:00,-0.61197156
2025-10-27 14:00:00,-0.8625353
2025-10-27 15:00:00,-0.9924468
2025-10-27 16:00:00,-0.83689225
2025-10-27 17:00:00,0.061779033
2025-10-27 18:00:00,0.75857896
2025-10-27 19:00:00,1.2388963
2025-10-27 20:00:00,1.5585223
2025-10-27 21:00:00,1.5459244
2025-10-27 22:00:00,1.1977055
2025-10-27 23:00:00,0.6422503
2025-10-28 00:00:00,0.0936835
2025-10-28 01:00:00,-0.3272754
2025-10-28 02:00:00,-0.62333775
2025-10-28 03:00:00,-0.81907785
2025-10-28 04:00:00,-0.84513956
2025-10-28 05:00:00,-0.32609648
2025-10-28 06:00:00,0.39593574
2025-10-28 07:00:00,0.7477319
2025-10-28 08:00:00,0.98862225
2025-10-28 09:00:00,1.0655785
2025-10-28 10:00:00,0.8846911
2025-10-28 11:00:00,0.5134865
2025-10-28 12:00:00,0.075502835
2025-10-28 13:00:00,-0.28125197
2025-10-28 14:00:00,-0.5370124
2025-10-28 15:00:00,-0.7319488
2025-10-28 16:00:00,-0.7640429
2025-10-28 17:00:00,-0.40875098
2025-10-28 18:00:00,0.29476994
2025-10-28 19:00:00,0.8066312
2025-10-28 20:00:00,1.2084161
2025-10-28 21:00:00,1.4119601
2025-10-28 22:00:00,1.3755937
2025-10-28 23:00:00,1.0821358
2025-10-29 00:00:00,0.5795466
2025-10-29 01:00:00,0.11760134
2025-10-29 02:00:00,-0.2162596
2025-10-29 03:00:00,-0.44752565
2025-10-29 04:00:00,-0.57706606
2025-10-29 05:00:00,-0.5295133
2025-10-29 06:00:00,-0.13758016
2025-10-29 07:00:00,0.3025446
2025-10-29 08:00:00,0.5977886
2025-10-29 09:00:00,0.8472101
2025-10-29 10:00:00,0.959488
2025-10-29 11:00:00,0.90223163
2025-10-29 12:00:00,0.62589663
2025-10-29 13:00:00,0.24296452
2025-10-29 14:00:00,-0.10752375
2025-10-29 15:00:00,-0.3777852
2025-10-29 16:00:00,-0.5387594
2025-10-29 17:00:00,-0.5926117
2025-10-29 18:00:00,-0.3402388
2025-10-29 19:00:00,0.24856953
2025-10-29 20:00:00,0.6595653
2025-10-29 21:00:00,0.9710777
2025-10-29 22:00:00,1.1858485
2025-10-29 23:00:00,1.211972
2025-10-30 00:00:00,1.0502578
2025-10-30 01:00:00,0.63807845
2025-10-30 02:00:00,0.21109132
2025-10-30 03:00:00,-0.14291634
2025-10-30 04:00:00,-0.38365355
2025-10-30 05:00:00,-0.5744302
2025-10-30 06:00:00,-0.6540359
2025-10-30 07:00:00,-0.50405735
2025-10-30 08:00:00,-0.10604639
2025-10-30 09:00:00,0.32368344
2025-10-30 10:00:00,0.65770227
2025-10-30 11:00:00,0.9092482
2025-10-30 12:00:00,1.0095897
2025-10-30 13:00:00,0.8863743
2025-10-30 14:00:00,0.5232891
2025-10-30 15:00:00,0.12572885
2025-10-30 16:00:00,-0.22468619
2025-10-30 17:00:00,-0.46054876
2025-10-30 18:00:00,-0.629957
2025-10-30 19:00:00,-0.66086763
2025-10-30 20:00:00,-0.26620466
2025-10-30 21:00:00,0.31265903
2025-10-30 22:00:00,0.7165641
2025-10-30 23:00:00,1.0822241
2025-10-31 00:00:00,1.2652003
2025-10-31 01:00:00,1.2200786
2025-10-31 02:00:00,0.925175
2025-10-31 03:00:00,0.46000305
2025-10-31 04:00:00,0.0006656841
2025-10-31 05:00:00,-0.34441766
2025-10-31 06:00:00,-0.61599493
